<?xml version="1.0" encoding="UTF-8"?>
<project-private xmlns="http://www.netbeans.org/ns/project-private/1">
    <editor-bookmarks xmlns="http://www.netbeans.org/ns/editor-bookmarks/2" lastBookmarkId="0"/>
    <open-files xmlns="http://www.netbeans.org/ns/projectui-open-files/2">
        <group>
            <file>file:/C:/Users/poker/Documents/NetBeansProjects/GrafikaKomputerowaProjekt/src/grafikakomputerowaprojekt/Rectangle.java</file>
            <file>file:/C:/Users/poker/Documents/NetBeansProjects/GrafikaKomputerowaProjekt/src/grafikakomputerowaprojekt/MojaRamka.java</file>
            <file>file:/C:/Users/poker/Documents/NetBeansProjects/GrafikaKomputerowaProjekt/src/grafikakomputerowaprojekt/Line.java</file>
            <file>file:/C:/Users/poker/Documents/NetBeansProjects/GrafikaKomputerowaProjekt/src/grafikakomputerowaprojekt/PPMreader.java</file>
            <file>file:/C:/Users/poker/Documents/NetBeansProjects/GrafikaKomputerowaProjekt/src/grafikakomputerowaprojekt/JPGreader.java</file>
            <file>file:/C:/Users/poker/Documents/NetBeansProjects/GrafikaKomputerowaProjekt/src/grafikakomputerowaprojekt/Circle.java</file>
            <file>file:/C:/Users/poker/Documents/NetBeansProjects/GrafikaKomputerowaProjekt/src/grafikakomputerowaprojekt/ImageDisplay.java</file>
            <file>file:/C:/Users/poker/Documents/NetBeansProjects/GrafikaKomputerowaProjekt/src/grafikakomputerowaprojekt/ZoomImagePanel.java</file>
            <file>file:/C:/Users/poker/Documents/NetBeansProjects/GrafikaKomputerowaProjekt/src/grafikakomputerowaprojekt/ShapesList.java</file>
            <file>file:/C:/Users/poker/Documents/NetBeansProjects/GrafikaKomputerowaProjekt/src/grafikakomputerowaprojekt/MyButton.java</file>
            <file>file:/C:/Users/poker/Documents/NetBeansProjects/GrafikaKomputerowaProjekt/src/grafikakomputerowaprojekt/MultipleInputDialog.java</file>
            <file>file:/C:/Users/poker/Documents/NetBeansProjects/GrafikaKomputerowaProjekt/src/grafikakomputerowaprojekt/Shape.java</file>
            <file>file:/C:/Users/poker/Documents/NetBeansProjects/GrafikaKomputerowaProjekt/src/grafikakomputerowaprojekt/MenuJFrame.java</file>
            <file>file:/C:/Users/poker/Documents/NetBeansProjects/GrafikaKomputerowaProjekt/src/grafikakomputerowaprojekt/GrafikaKomputerowaProjekt.java</file>
            <file>file:/C:/Users/poker/Documents/NetBeansProjects/GrafikaKomputerowaProjekt/src/grafikakomputerowaprojekt/RGBCubeApp.java</file>
            <file>file:/C:/Users/poker/Documents/NetBeansProjects/GrafikaKomputerowaProjekt/src/grafikakomputerowaprojekt/CubeRenderer.java</file>
        </group>
    </open-files>
</project-private>
